Jour et mois ;Annee;Achery;Rennes;LA ROCHE SUR YON;DAX;PEYREHORADE;SAINT-MARTIN-DE-HINX;ANCENIS;NANTES-BOUGUEIS;MONTOIR/ST ZAIRE;NORT SUR ERDRE;DERVAL;LA CHAPELLE-SAINT-SAUVEUR;ANGERS;SAUMUR;CONDE SUR VIRE;SAINT-HILAIRE DU HARCOUET;MAYENNE;ARGENTRE;ETRONNIER AERODROME DE LAVAL;CHATEAU-GONTIER;LORIENT -QUEVEN
101;2000;-61.3263;-64.2338;-62.5703;-65.3813;-65.2212;-63.9214;-65.8414;-71.157;-73.9177;-66.012;-64.2338;-65.054;-67.8916;-68.7437;-55.3112;-59.768;-60.611;-63.3087;-65.8414;-63.4493;-69.6368
201;2000;-60.4706;-63.3566;-61.6916;-64.4166;-64.2654;-62.9768;-64.9278;-70.228;-72.9914;-65.123;-63.3566;-64.163;-66.9712;-67.7994;-54.5064;-58.925;-59.768;-62.4384;-64.9278;-62.5706;-68.7126
301;2000;-59.6149;-62.4794;-60.8129;-63.4519;-63.3096;-62.0322;-64.0142;-69.299;-72.0651;-64.234;-62.4794;-63.272;-66.0508;-66.8551;-53.7016;-58.082;-58.925;-61.5681;-64.0142;-61.6919;-67.7884
401;2000;-58.7592;-61.6022;-59.9342;-62.4872;-62.3538;-61.0876;-63.1006;-68.37;-71.1388;-63.345;-61.6022;-62.381;-65.1304;-65.9108;-52.8968;-57.239;-58.082;-60.6978;-63.1006;-60.8132;-66.8642
501;2000;-57.9035;-60.725;-59.0555;-61.5225;-61.398;-60.143;-62.187;-67.441;-70.2125;-62.456;-60.725;-61.49;-64.21;-64.9665;-52.092;-56.396;-57.239;-59.8275;-62.187;-59.9345;-65.94
601;2000;-57.0478;-59.8478;-58.1768;-60.5578;-60.4422;-59.1984;-61.2734;-66.512;-69.2862;-61.567;-59.8478;-60.599;-63.2896;-64.0222;-51.2872;-55.553;-56.396;-58.9572;-61.2734;-59.0558;-65.0158
701;2000;-56.1921;-58.9706;-57.2981;-59.5931;-59.4864;-58.2538;-60.3598;-65.583;-68.3599;-60.678;-58.9706;-59.708;-62.3692;-63.0779;-50.4824;-54.71;-55.553;-58.0869;-60.3598;-58.1771;-64.0916
801;2000;-55.3364;-58.0934;-56.4194;-58.6284;-58.5306;-57.3092;-59.4462;-64.654;-67.4336;-59.789;-58.0934;-58.817;-61.4488;-62.1336;-49.6776;-53.867;-54.71;-57.2166;-59.4462;-57.2984;-63.1674
901;2000;-54.4807;-57.2162;-55.5407;-57.6637;-57.5748;-56.3646;-58.5326;-63.725;-66.5073;-58.9;-57.2162;-57.926;-60.5284;-61.1893;-48.8728;-53.024;-53.867;-56.3463;-58.5326;-56.4197;-62.2432
1001;2000;-53.625;-56.339;-54.662;-56.699;-56.619;-55.42;-57.619;-62.796;-65.581;-58.011;-56.339;-57.035;-59.608;-60.245;-48.068;-52.181;-53.024;-55.476;-57.619;-55.541;-61.319
1101;2000;-52.7693;-55.4618;-53.7833;-55.7343;-55.6632;-54.4754;-56.7054;-61.867;-64.6547;-57.122;-55.4618;-56.144;-58.6876;-59.3007;-47.2632;-51.338;-52.181;-54.6057;-56.7054;-54.6623;-60.3948
1201;2000;-51.9136;-54.5846;-52.9046;-54.7696;-54.7074;-53.5308;-55.7918;-60.938;-63.7284;-56.233;-54.5846;-55.253;-57.7672;-58.3564;-46.4584;-50.495;-51.338;-53.7354;-55.7918;-53.7836;-59.4706
1301;2000;-51.0579;-53.7074;-52.0259;-53.8049;-53.7516;-52.5862;-54.8782;-60.009;-62.8021;-55.344;-53.7074;-54.362;-56.8468;-57.4121;-45.6536;-49.652;-50.495;-52.8651;-54.8782;-52.9049;-58.5464
1401;2000;-50.2022;-52.8302;-51.1472;-52.8402;-52.7958;-51.6416;-53.9646;-59.08;-61.8758;-54.455;-52.8302;-53.471;-55.9264;-56.4678;-44.8488;-48.809;-49.652;-51.9948;-53.9646;-52.0262;-57.6222
1501;2000;-49.3465;-51.953;-50.2685;-51.8755;-51.84;-50.697;-53.051;-58.151;-60.9495;-53.566;-51.953;-52.58;-55.006;-55.5235;-44.044;-47.966;-48.809;-51.1245;-53.051;-51.1475;-56.698
1601;2000;-48.4908;-51.0758;-49.3898;-50.9108;-50.8842;-49.7524;-52.1374;-57.222;-60.0232;-52.677;-51.0758;-51.689;-54.0856;-54.5792;-43.2392;-47.123;-47.966;-50.2542;-52.1374;-50.2688;-55.7738
1701;2000;-47.6351;-50.1986;-48.5111;-49.9461;-49.9284;-48.8078;-51.2238;-56.293;-59.0969;-51.788;-50.1986;-50.798;-53.1652;-53.6349;-42.4344;-46.28;-47.123;-49.3839;-51.2238;-49.3901;-54.8496
1801;2000;-46.7794;-49.3214;-47.6324;-48.9814;-48.9726;-47.8632;-50.3102;-55.364;-58.1706;-50.899;-49.3214;-49.907;-52.2448;-52.6906;-41.6296;-45.437;-46.28;-48.5136;-50.3102;-48.5114;-53.9254
1901;2000;-45.9237;-48.4442;-46.7537;-48.0167;-48.0168;-46.9186;-49.3966;-54.435;-57.2443;-50.01;-48.4442;-49.016;-51.3244;-51.7463;-40.8248;-44.594;-45.437;-47.6433;-49.3966;-47.6327;-53.0012
2001;2000;-45.068;-47.567;-45.875;-47.052;-47.061;-45.974;-48.483;-53.506;-56.318;-49.121;-47.567;-48.125;-50.404;-50.802;-40.02;-43.751;-44.594;-46.773;-48.483;-46.754;-52.077
2101;2000;-44.2123;-46.6898;-44.9963;-46.0873;-46.1052;-45.0294;-47.5694;-52.577;-55.3917;-48.232;-46.6898;-47.234;-49.4836;-49.8577;-39.2152;-42.908;-43.751;-45.9027;-47.5694;-45.8753;-51.1528
2201;2000;-43.3566;-45.8126;-44.1176;-45.1226;-45.1494;-44.0848;-46.6558;-51.648;-54.4654;-47.343;-45.8126;-46.343;-48.5632;-48.9134;-38.4104;-42.065;-42.908;-45.0324;-46.6558;-44.9966;-50.2286
2301;2000;-42.5009;-44.9354;-43.2389;-44.1579;-44.1936;-43.1402;-45.7422;-50.719;-53.5391;-46.454;-44.9354;-45.452;-47.6428;-47.9691;-37.6056;-41.222;-42.065;-44.1621;-45.7422;-44.1179;-49.3044
2401;2000;-41.6452;-44.0582;-42.3602;-43.1932;-43.2378;-42.1956;-44.8286;-49.79;-52.6128;-45.565;-44.0582;-44.561;-46.7224;-47.0248;-36.8008;-40.379;-41.222;-43.2918;-44.8286;-43.2392;-48.3802
2501;2000;-40.7895;-43.181;-41.4815;-42.2285;-42.282;-41.251;-43.915;-48.861;-51.6865;-44.676;-43.181;-43.67;-45.802;-46.0805;-35.996;-39.536;-40.379;-42.4215;-43.915;-42.3605;-47.456
2601;2000;-39.9338;-42.3038;-40.6028;-41.2638;-41.3262;-40.3064;-43.0014;-47.932;-50.7602;-43.787;-42.3038;-42.779;-44.8816;-45.1362;-35.1912;-38.693;-39.536;-41.5512;-43.0014;-41.4818;-46.5318
2701;2000;-39.0781;-41.4266;-39.7241;-40.2991;-40.3704;-39.3618;-42.0878;-47.003;-49.8339;-42.898;-41.4266;-41.888;-43.9612;-44.1919;-34.3864;-37.85;-38.693;-40.6809;-42.0878;-40.6031;-45.6076
2801;2000;-38.2224;-40.5494;-38.8454;-39.3344;-39.4146;-38.4172;-41.1742;-46.074;-48.9076;-42.009;-40.5494;-40.997;-43.0408;-43.2476;-33.5816;-37.007;-37.85;-39.8106;-41.1742;-39.7244;-44.6834
2901;2000;-37.3667;-39.6722;-37.9667;-38.3697;-38.4588;-37.4726;-40.2606;-45.145;-47.9813;-41.12;-39.6722;-40.106;-42.1204;-42.3033;-32.7768;-36.164;-37.007;-38.9403;-40.2606;-38.8457;-43.7592
3001;2000;-36.511;-38.795;-37.088;-37.405;-37.503;-36.528;-39.347;-44.216;-47.055;-40.231;-38.795;-39.215;-41.2;-41.359;-31.972;-35.321;-36.164;-38.07;-39.347;-37.967;-42.835
3101;2000;-35.6553;-37.9178;-36.2093;-36.4403;-36.5472;-35.5834;-38.4334;-43.287;-46.1287;-39.342;-37.9178;-38.324;-40.2796;-40.4147;-31.1672;-34.478;-35.321;-37.1997;-38.4334;-37.0883;-41.9108
102;2000;-34.7996;-37.0406;-35.3306;-35.4756;-35.5914;-34.6388;-37.5198;-42.358;-45.2024;-38.453;-37.0406;-37.433;-39.3592;-39.4704;-30.3624;-33.635;-34.478;-36.3294;-37.5198;-36.2096;-40.9866
202;2000;-33.9439;-36.1634;-34.4519;-34.5109;-34.6356;-33.6942;-36.6062;-41.429;-44.2761;-37.564;-36.1634;-36.542;-38.4388;-38.5261;-29.5576;-32.792;-33.635;-35.4591;-36.6062;-35.3309;-40.0624
302;2000;-33.0882;-35.2862;-33.5732;-33.5462;-33.6798;-32.7496;-35.6926;-40.5;-43.3498;-36.675;-35.2862;-35.651;-37.5184;-37.5818;-28.7528;-31.949;-32.792;-34.5888;-35.6926;-34.4522;-39.1382
402;2000;-32.2325;-34.409;-32.6945;-32.5815;-32.724;-31.805;-34.779;-39.571;-42.4235;-35.786;-34.409;-34.76;-36.598;-36.6375;-27.948;-31.106;-31.949;-33.7185;-34.779;-33.5735;-38.214
502;2000;-31.3768;-33.5318;-31.8158;-31.6168;-31.7682;-30.8604;-33.8654;-38.642;-41.4972;-34.897;-33.5318;-33.869;-35.6776;-35.6932;-27.1432;-30.263;-31.106;-32.8482;-33.8654;-32.6948;-37.2898
602;2000;-30.5211;-32.6546;-30.9371;-30.6521;-30.8124;-29.9158;-32.9518;-37.713;-40.5709;-34.008;-32.6546;-32.978;-34.7572;-34.7489;-26.3384;-29.42;-30.263;-31.9779;-32.9518;-31.8161;-36.3656
702;2000;-29.6654;-31.7774;-30.0584;-29.6874;-29.8566;-28.9712;-32.0382;-36.784;-39.6446;-33.119;-31.7774;-32.087;-33.8368;-33.8046;-25.5336;-28.577;-29.42;-31.1076;-32.0382;-30.9374;-35.4414
802;2000;-28.8097;-30.9002;-29.1797;-28.7227;-28.9008;-28.0266;-31.1246;-35.855;-38.7183;-32.23;-30.9002;-31.196;-32.9164;-32.8603;-24.7288;-27.734;-28.577;-30.2373;-31.1246;-30.0587;-34.5172
902;2000;-27.954;-30.023;-28.301;-27.758;-27.945;-27.082;-30.211;-34.926;-37.792;-31.341;-30.023;-30.305;-31.996;-31.916;-23.924;-26.891;-27.734;-29.367;-30.211;-29.18;-33.593
1002;2000;-27.0983;-29.1458;-27.4223;-26.7933;-26.9892;-26.1374;-29.2974;-33.997;-36.8657;-30.452;-29.1458;-29.414;-31.0756;-30.9717;-23.1192;-26.048;-26.891;-28.4967;-29.2974;-28.3013;-32.6688
1102;2000;-26.2426;-28.2686;-26.5436;-25.8286;-26.0334;-25.1928;-28.3838;-33.068;-35.9394;-29.563;-28.2686;-28.523;-30.1552;-30.0274;-22.3144;-25.205;-26.048;-27.6264;-28.3838;-27.4226;-31.7446
1202;2000;-25.3869;-27.3914;-25.6649;-24.8639;-25.0776;-24.2482;-27.4702;-32.139;-35.0131;-28.674;-27.3914;-27.632;-29.2348;-29.0831;-21.5096;-24.362;-25.205;-26.7561;-27.4702;-26.5439;-30.8204
1302;2000;-24.5312;-26.5142;-24.7862;-23.8992;-24.1218;-23.3036;-26.5566;-31.21;-34.0868;-27.785;-26.5142;-26.741;-28.3144;-28.1388;-20.7048;-23.519;-24.362;-25.8858;-26.5566;-25.6652;-29.8962
1402;2000;-23.6755;-25.637;-23.9075;-22.9345;-23.166;-22.359;-25.643;-30.281;-33.1605;-26.896;-25.637;-25.85;-27.394;-27.1945;-19.9;-22.676;-23.519;-25.0155;-25.643;-24.7865;-28.972
1502;2000;-22.8198;-24.7598;-23.0288;-21.9698;-22.2102;-21.4144;-24.7294;-29.352;-32.2342;-26.007;-24.7598;-24.959;-26.4736;-26.2502;-19.0952;-21.833;-22.676;-24.1452;-24.7294;-23.9078;-28.0478
1602;2000;-21.9641;-23.8826;-22.1501;-21.0051;-21.2544;-20.4698;-23.8158;-28.423;-31.3079;-25.118;-23.8826;-24.068;-25.5532;-25.3059;-18.2904;-20.99;-21.833;-23.2749;-23.8158;-23.0291;-27.1236
1702;2000;-21.1084;-23.0054;-21.2714;-20.0404;-20.2986;-19.5252;-22.9022;-27.494;-30.3816;-24.229;-23.0054;-23.177;-24.6328;-24.3616;-17.4856;-20.147;-20.99;-22.4046;-22.9022;-22.1504;-26.1994
1802;2000;-20.2527;-22.1282;-20.3927;-19.0757;-19.3428;-18.5806;-21.9886;-26.565;-29.4553;-23.34;-22.1282;-22.286;-23.7124;-23.4173;-16.6808;-19.304;-20.147;-21.5343;-21.9886;-21.2717;-25.2752
1902;2000;-19.397;-21.251;-19.514;-18.111;-18.387;-17.636;-21.075;-25.636;-28.529;-22.451;-21.251;-21.395;-22.792;-22.473;-15.876;-18.461;-19.304;-20.664;-21.075;-20.393;-24.351
2002;2000;-18.5413;-20.3738;-18.6353;-17.1463;-17.4312;-16.6914;-20.1614;-24.707;-27.6027;-21.562;-20.3738;-20.504;-21.8716;-21.5287;-15.0712;-17.618;-18.461;-19.7937;-20.1614;-19.5143;-23.4268
2102;2000;-17.6856;-19.4966;-17.7566;-16.1816;-16.4754;-15.7468;-19.2478;-23.778;-26.6764;-20.673;-19.4966;-19.613;-20.9512;-20.5844;-14.2664;-16.775;-17.618;-18.9234;-19.2478;-18.6356;-22.5026
2202;2000;-16.8299;-18.6194;-16.8779;-15.2169;-15.5196;-14.8022;-18.3342;-22.849;-25.7501;-19.784;-18.6194;-18.722;-20.0308;-19.6401;-13.4616;-15.932;-16.775;-18.0531;-18.3342;-17.7569;-21.5784
2302;2000;-15.9742;-17.7422;-15.9992;-14.2522;-14.5638;-13.8576;-17.4206;-21.92;-24.8238;-18.895;-17.7422;-17.831;-19.1104;-18.6958;-12.6568;-15.089;-15.932;-17.1828;-17.4206;-16.8782;-20.6542
2402;2000;-15.1185;-16.865;-15.1205;-13.2875;-13.608;-12.913;-16.507;-20.991;-23.8975;-18.006;-16.865;-16.94;-18.19;-17.7515;-11.852;-14.246;-15.089;-16.3125;-16.507;-15.9995;-19.73
2502;2000;-14.2628;-15.9878;-14.2418;-12.3228;-12.6522;-11.9684;-15.5934;-20.062;-22.9712;-17.117;-15.9878;-16.049;-17.2696;-16.8072;-11.0472;-13.403;-14.246;-15.4422;-15.5934;-15.1208;-18.8058
2602;2000;-13.4071;-15.1106;-13.3631;-11.3581;-11.6964;-11.0238;-14.6798;-19.133;-22.0449;-16.228;-15.1106;-15.158;-16.3492;-15.8629;-10.2424;-12.56;-13.403;-14.5719;-14.6798;-14.2421;-17.8816
2702;2000;-12.5514;-14.2334;-12.4844;-10.3934;-10.7406;-10.0792;-13.7662;-18.204;-21.1186;-15.339;-14.2334;-14.267;-15.4288;-14.9186;-9.4376;-11.717;-12.56;-13.7016;-13.7662;-13.3634;-16.9574
2802;2000;-11.6957;-13.3562;-11.6057;-9.4287;-9.7848;-9.1346;-12.8526;-17.275;-20.1923;-14.45;-13.3562;-13.376;-14.5084;-13.9743;-8.6328;-10.874;-11.717;-12.8313;-12.8526;-12.4847;-16.0332
2902;2000;-10.84;-12.479;-10.727;-8.464;-8.829;-8.19;-11.939;-16.346;-19.266;-13.561;-12.479;-12.485;-13.588;-13.03;-7.828;-10.031;-10.874;-11.961;-11.939;-11.606;-15.109
103;2000;-9.9843;-11.6018;-9.8483;-7.4993;-7.8732;-7.2454;-11.0254;-15.417;-18.3397;-12.672;-11.6018;-11.594;-12.6676;-12.0857;-7.0232;-9.188;-10.031;-11.0907;-11.0254;-10.7273;-14.1848
203;2000;-9.1286;-10.7246;-8.9696;-6.5346;-6.9174;-6.3008;-10.1118;-14.488;-17.4134;-11.783;-10.7246;-10.703;-11.7472;-11.1414;-6.2184;-8.345;-9.188;-10.2204;-10.1118;-9.8486;-13.2606
303;2000;-8.2729;-9.8474;-8.0909;-5.5699;-5.9616;-5.3562;-9.1982;-13.559;-16.4871;-10.894;-9.8474;-9.812;-10.8268;-10.1971;-5.4136;-7.502;-8.345;-9.3501;-9.1982;-8.9699;-12.3364
403;2000;-7.4172;-8.9702;-7.2122;-4.6052;-5.0058;-4.4116;-8.2846;-12.63;-15.5608;-10.005;-8.9702;-8.921;-9.9064;-9.2528;-4.6088;-6.659;-7.502;-8.4798;-8.2846;-8.0912;-11.4122
503;2000;-6.5615;-8.093;-6.3335;-3.6405;-4.05;-3.467;-7.371;-11.701;-14.6345;-9.116;-8.093;-8.03;-8.986;-8.3085;-3.804;-5.816;-6.659;-7.6095;-7.371;-7.2125;-10.488
603;2000;-5.7058;-7.2158;-5.4548;-2.6758;-3.0942;-2.5224;-6.4574;-10.772;-13.7082;-8.227;-7.2158;-7.139;-8.0656;-7.3642;-2.9992;-4.973;-5.816;-6.7392;-6.4574;-6.3338;-9.5638
703;2000;-4.8501;-6.3386;-4.5761;-1.7111;-2.1384;-1.5778;-5.5438;-9.843;-12.7819;-7.338;-6.3386;-6.248;-7.1452;-6.4199;-2.1944;-4.13;-4.973;-5.8689;-5.5438;-5.4551;-8.6396
803;2000;-3.9944;-5.4614;-3.6974;-0.7464;-1.1826;-0.6332;-4.6302;-8.914;-11.8556;-6.449;-5.4614;-5.357;-6.2248;-5.4756;-1.3896;-3.287;-4.13;-4.9986;-4.6302;-4.5764;-7.7154
903;2000;-3.1387;-4.5842;-2.8187;0.2183;-0.2268;0.3114;-3.7166;-7.985;-10.9293;-5.56;-4.5842;-4.466;-5.3044;-4.5313;-0.5848;-2.444;-3.287;-4.1283;-3.7166;-3.6977;-6.7912
1003;2000;-2.283;-3.707;-1.94;1.183;0.729;1.256;-2.803;-7.056;-10.003;-4.671;-3.707;-3.575;-4.384;-3.587;0.22;-1.601;-2.444;-3.258;-2.803;-2.819;-5.867
1103;2000;-1.4273;-2.8298;-1.0613;2.1477;1.6848;2.2006;-1.8894;-6.127;-9.0767;-3.782;-2.8298;-2.684;-3.4636;-2.6427;1.0248;-0.758;-1.601;-2.3877;-1.8894;-1.9403;-4.9428
1203;2000;-0.5716;-1.9526;-0.1826;3.1124;2.6406;3.1452;-0.9758;-5.198;-8.1504;-2.893;-1.9526;-1.793;-2.5432;-1.6984;1.8296;0.085;-0.758;-1.5174;-0.9758;-1.0616;-4.0186
1303;2000;0.2841;-1.0754;0.6961;4.0771;3.5964;4.0898;-0.0622;-4.269;-7.2241;-2.004;-1.0754;-0.902;-1.6228;-0.7541;2.6344;0.928;0.085;-0.6471;-0.0622;-0.1829;-3.0944
1403;2000;1.1398;-0.1982;1.5748;5.0418;4.5522;5.0344;0.8514;-3.34;-6.2978;-1.115;-0.1982;-0.011;-0.7024;0.1902;3.4392;1.771;0.928;0.2232;0.8514;0.6958;-2.1702
1503;2000;1.9955;0.679;2.4535;6.0065;5.508;5.979;1.765;-2.411;-5.3715;-0.226;0.679;0.88;0.218;1.1345;4.244;2.614;1.771;1.0935;1.765;1.5745;-1.246
1603;2000;2.8512;1.5562;3.3322;6.9712;6.4638;6.9236;2.6786;-1.482;-4.4452;0.663;1.5562;1.771;1.1384;2.0788;5.0488;3.457;2.614;1.9638;2.6786;2.4532;-0.3218
1703;2000;3.7069;2.4334;4.2109;7.9359;7.4196;7.8682;3.5922;-0.553;-3.5189;1.552;2.4334;2.662;2.0588;3.0231;5.8536;4.3;3.457;2.8341;3.5922;3.3319;0.6024
1803;2000;4.5626;3.3106;5.0896;8.9006;8.3754;8.8128;4.5058;0.376;-2.5926;2.441;3.3106;3.553;2.9792;3.9674;6.6584;5.143;4.3;3.7044;4.5058;4.2106;1.5266
1903;2000;5.4183;4.1878;5.9683;9.8653;9.3312;9.7574;5.4194;1.305;-1.6663;3.33;4.1878;4.444;3.8996;4.9117;7.4632;5.986;5.143;4.5747;5.4194;5.0893;2.4508
2003;2000;6.274;5.065;6.847;10.83;10.287;10.702;6.333;2.234;-0.74;4.219;5.065;5.335;4.82;5.856;8.268;6.829;5.986;5.445;6.333;5.968;3.375
2103;2000;7.1297;5.9422;7.7257;11.7947;11.2428;11.6466;7.2466;3.163;0.1863;5.108;5.9422;6.226;5.7404;6.8003;9.0728;7.672;6.829;6.3153;7.2466;6.8467;4.2992
2203;2000;7.9854;6.8194;8.6044;12.7594;12.1986;12.5912;8.1602;4.092;1.1126;5.997;6.8194;7.117;6.6608;7.7446;9.8776;8.515;7.672;7.1856;8.1602;7.7254;5.2234
2303;2000;8.8411;7.6966;9.4831;13.7241;13.1544;13.5358;9.0738;5.021;2.0389;6.886;7.6966;8.008;7.5812;8.6889;10.6824;9.358;8.515;8.0559;9.0738;8.6041;6.1476
2403;2000;9.6968;8.5738;10.3618;14.6888;14.1102;14.4804;9.9874;5.95;2.9652;7.775;8.5738;8.899;8.5016;9.6332;11.4872;10.201;9.358;8.9262;9.9874;9.4828;7.0718
2503;2000;10.5525;9.451;11.2405;15.6535;15.066;15.425;10.901;6.879;3.8915;8.664;9.451;9.79;9.422;10.5775;12.292;11.044;10.201;9.7965;10.901;10.3615;7.996
2603;2000;11.4082;10.3282;12.1192;16.6182;16.0218;16.3696;11.8146;7.808;4.8178;9.553;10.3282;10.681;10.3424;11.5218;13.0968;11.887;11.044;10.6668;11.8146;11.2402;8.9202
2703;2000;12.2639;11.2054;12.9979;17.5829;16.9776;17.3142;12.7282;8.737;5.7441;10.442;11.2054;11.572;11.2628;12.4661;13.9016;12.73;11.887;11.5371;12.7282;12.1189;9.8444
2803;2000;13.1196;12.0826;13.8766;18.5476;17.9334;18.2588;13.6418;9.666;6.6704;11.331;12.0826;12.463;12.1832;13.4104;14.7064;13.573;12.73;12.4074;13.6418;12.9976;10.7686
2903;2000;13.9753;12.9598;14.7553;19.5123;18.8892;19.2034;14.5554;10.595;7.5967;12.22;12.9598;13.354;13.1036;14.3547;15.5112;14.416;13.573;13.2777;14.5554;13.8763;11.6928
3003;2000;14.831;13.837;15.634;20.477;19.845;20.148;15.469;11.524;8.523;13.109;13.837;14.245;14.024;15.299;16.316;15.259;14.416;14.148;15.469;14.755;12.617
3103;2000;15.6867;14.7142;16.5127;21.4417;20.8008;21.0926;16.3826;12.453;9.4493;13.998;14.7142;15.136;14.9444;16.2433;17.1208;16.102;15.259;15.0183;16.3826;15.6337;13.5412
104;2000;16.5424;15.5914;17.3914;22.4064;21.7566;22.0372;17.2962;13.382;10.3756;14.887;15.5914;16.027;15.8648;17.1876;17.9256;16.945;16.102;15.8886;17.2962;16.5124;14.4654
204;2000;17.3981;16.4686;18.2701;23.3711;22.7124;22.9818;18.2098;14.311;11.3019;15.776;16.4686;16.918;16.7852;18.1319;18.7304;17.788;16.945;16.7589;18.2098;17.3911;15.3896
304;2000;18.2538;17.3458;19.1488;24.3358;23.6682;23.9264;19.1234;15.24;12.2282;16.665;17.3458;17.809;17.7056;19.0762;19.5352;18.631;17.788;17.6292;19.1234;18.2698;16.3138
404;2000;19.1095;18.223;20.0275;25.3005;24.624;24.871;20.037;16.169;13.1545;17.554;18.223;18.7;18.626;20.0205;20.34;19.474;18.631;18.4995;20.037;19.1485;17.238
504;2000;19.9652;19.1002;20.9062;26.2652;25.5798;25.8156;20.9506;17.098;14.0808;18.443;19.1002;19.591;19.5464;20.9648;21.1448;20.317;19.474;19.3698;20.9506;20.0272;18.1622
604;2000;20.8209;19.9774;21.7849;27.2299;26.5356;26.7602;21.8642;18.027;15.0071;19.332;19.9774;20.482;20.4668;21.9091;21.9496;21.16;20.317;20.2401;21.8642;20.9059;19.0864
704;2000;21.6766;20.8546;22.6636;28.1946;27.4914;27.7048;22.7778;18.956;15.9334;20.221;20.8546;21.373;21.3872;22.8534;22.7544;22.003;21.16;21.1104;22.7778;21.7846;20.0106
804;2000;22.5323;21.7318;23.5423;29.1593;28.4472;28.6494;23.6914;19.885;16.8597;21.11;21.7318;22.264;22.3076;23.7977;23.5592;22.846;22.003;21.9807;23.6914;22.6633;20.9348
904;2000;23.388;22.609;24.421;30.124;29.403;29.594;24.605;20.814;17.786;21.999;22.609;23.155;23.228;24.742;24.364;23.689;22.846;22.851;24.605;23.542;21.859
1004;2000;24.2437;23.4862;25.2997;31.0887;30.3588;30.5386;25.5186;21.743;18.7123;22.888;23.4862;24.046;24.1484;25.6863;25.1688;24.532;23.689;23.7213;25.5186;24.4207;22.7832
1104;2000;25.0994;24.3634;26.1784;32.0534;31.3146;31.4832;26.4322;22.672;19.6386;23.777;24.3634;24.937;25.0688;26.6306;25.9736;25.375;24.532;24.5916;26.4322;25.2994;23.7074
1204;2000;25.9551;25.2406;27.0571;33.0181;32.2704;32.4278;27.3458;23.601;20.5649;24.666;25.2406;25.828;25.9892;27.5749;26.7784;26.218;25.375;25.4619;27.3458;26.1781;24.6316
1304;2000;26.8108;26.1178;27.9358;33.9828;33.2262;33.3724;28.2594;24.53;21.4912;25.555;26.1178;26.719;26.9096;28.5192;27.5832;27.061;26.218;26.3322;28.2594;27.0568;25.5558
1404;2000;27.6665;26.995;28.8145;34.9475;34.182;34.317;29.173;25.459;22.4175;26.444;26.995;27.61;27.83;29.4635;28.388;27.904;27.061;27.2025;29.173;27.9355;26.48
1504;2000;28.5222;27.8722;29.6932;35.9122;35.1378;35.2616;30.0866;26.388;23.3438;27.333;27.8722;28.501;28.7504;30.4078;29.1928;28.747;27.904;28.0728;30.0866;28.8142;27.4042
1604;2000;29.3779;28.7494;30.5719;36.8769;36.0936;36.2062;31.0002;27.317;24.2701;28.222;28.7494;29.392;29.6708;31.3521;29.9976;29.59;28.747;28.9431;31.0002;29.6929;28.3284
1704;2000;30.2336;29.6266;31.4506;37.8416;37.0494;37.1508;31.9138;28.246;25.1964;29.111;29.6266;30.283;30.5912;32.2964;30.8024;30.433;29.59;29.8134;31.9138;30.5716;29.2526
1804;2000;31.0893;30.5038;32.3293;38.8063;38.0052;38.0954;32.8274;29.175;26.1227;30;30.5038;31.174;31.5116;33.2407;31.6072;31.276;30.433;30.6837;32.8274;31.4503;30.1768
1904;2000;31.945;31.381;33.208;39.771;38.961;39.04;33.741;30.104;27.049;30.889;31.381;32.065;32.432;34.185;32.412;32.119;31.276;31.554;33.741;32.329;31.101
2004;2000;32.8007;32.2582;34.0867;40.7357;39.9168;39.9846;34.6546;31.033;27.9753;31.778;32.2582;32.956;33.3524;35.1293;33.2168;32.962;32.119;32.4243;34.6546;33.2077;32.0252
2104;2000;33.6564;33.1354;34.9654;41.7004;40.8726;40.9292;35.5682;31.962;28.9016;32.667;33.1354;33.847;34.2728;36.0736;34.0216;33.805;32.962;33.2946;35.5682;34.0864;32.9494
2204;2000;34.5121;34.0126;35.8441;42.6651;41.8284;41.8738;36.4818;32.891;29.8279;33.556;34.0126;34.738;35.1932;37.0179;34.8264;34.648;33.805;34.1649;36.4818;34.9651;33.8736
2304;2000;35.3678;34.8898;36.7228;43.6298;42.7842;42.8184;37.3954;33.82;30.7542;34.445;34.8898;35.629;36.1136;37.9622;35.6312;35.491;34.648;35.0352;37.3954;35.8438;34.7978
2404;2000;37.0792;36.6442;38.4802;45.5592;44.6958;44.7076;39.2226;35.678;32.6068;36.223;36.6442;37.411;37.9544;39.8508;37.2408;37.177;36.334;36.7758;39.2226;37.6012;36.6462
2504;2000;37.9349;37.5214;39.3589;46.5239;45.6516;45.6522;40.1362;36.607;33.5331;37.112;37.5214;38.302;38.8748;40.7951;38.0456;38.02;37.177;37.6461;40.1362;38.4799;37.5704
2604;2000;38.7906;38.3986;40.2376;47.4886;46.6074;46.5968;41.0498;37.536;34.4594;38.001;38.3986;39.193;39.7952;41.7394;38.8504;38.863;38.02;38.5164;41.0498;39.3586;38.4946
2704;2000;39.6463;39.2758;41.1163;48.4533;47.5632;47.5414;41.9634;38.465;35.3857;38.89;39.2758;40.084;40.7156;42.6837;39.6552;39.706;38.863;39.3867;41.9634;40.2373;39.4188
2804;2000;40.502;40.153;41.995;49.418;48.519;48.486;42.877;39.394;36.312;39.779;40.153;40.975;41.636;43.628;40.46;40.549;39.706;40.257;42.877;41.116;40.343
2904;2000;41.3577;41.0302;42.8737;50.3827;49.4748;49.4306;43.7906;40.323;37.2383;40.668;41.0302;41.866;42.5564;44.5723;41.2648;41.392;40.549;41.1273;43.7906;41.9947;41.2672
3004;2000;42.2134;41.9074;43.7524;51.3474;50.4306;50.3752;44.7042;41.252;38.1646;41.557;41.9074;42.757;43.4768;45.5166;42.0696;42.235;41.392;41.9976;44.7042;42.8734;42.1914
105;2000;43.0691;42.7846;44.6311;52.3121;51.3864;51.3198;45.6178;42.181;39.0909;42.446;42.7846;43.648;44.3972;46.4609;42.8744;43.078;42.235;42.8679;45.6178;43.7521;43.1156
205;2000;43.9248;43.6618;45.5098;53.2768;52.3422;52.2644;46.5314;43.11;40.0172;43.335;43.6618;44.539;45.3176;47.4052;43.6792;43.921;43.078;43.7382;46.5314;44.6308;44.0398
305;2000;44.7805;44.539;46.3885;54.2415;53.298;53.209;47.445;44.039;40.9435;44.224;44.539;45.43;46.238;48.3495;44.484;44.764;43.921;44.6085;47.445;45.5095;44.964
405;2000;45.6362;45.4162;47.2672;55.2062;54.2538;54.1536;48.3586;44.968;41.8698;45.113;45.4162;46.321;47.1584;49.2938;45.2888;45.607;44.764;45.4788;48.3586;46.3882;45.8882
505;2000;46.4919;46.2934;48.1459;56.1709;55.2096;55.0982;49.2722;45.897;42.7961;46.002;46.2934;47.212;48.0788;50.2381;46.0936;46.45;45.607;46.3491;49.2722;47.2669;46.8124
605;2000;47.3476;47.1706;49.0246;57.1356;56.1654;56.0428;50.1858;46.826;43.7224;46.891;47.1706;48.103;48.9992;51.1824;46.8984;47.293;46.45;47.2194;50.1858;48.1456;47.7366
705;2000;48.2033;48.0478;49.9033;58.1003;57.1212;56.9874;51.0994;47.755;44.6487;47.78;48.0478;48.994;49.9196;52.1267;47.7032;48.136;47.293;48.0897;51.0994;49.0243;48.6608
805;2000;49.059;48.925;50.782;59.065;58.077;57.932;52.013;48.684;45.575;48.669;48.925;49.885;50.84;53.071;48.508;48.979;48.136;48.96;52.013;49.903;49.585
905;2000;49.9147;49.8022;51.6607;60.0297;59.0328;58.8766;52.9266;49.613;46.5013;49.558;49.8022;50.776;51.7604;54.0153;49.3128;49.822;48.979;49.8303;52.9266;50.7817;50.5092
1005;2000;50.7704;50.6794;52.5394;60.9944;59.9886;59.8212;53.8402;50.542;47.4276;50.447;50.6794;51.667;52.6808;54.9596;50.1176;50.665;49.822;50.7006;53.8402;51.6604;51.4334
1105;2000;51.6261;51.5566;53.4181;61.9591;60.9444;60.7658;54.7538;51.471;48.3539;51.336;51.5566;52.558;53.6012;55.9039;50.9224;51.508;50.665;51.5709;54.7538;52.5391;52.3576
1205;2000;52.4818;52.4338;54.2968;62.9238;61.9002;61.7104;55.6674;52.4;49.2802;52.225;52.4338;53.449;54.5216;56.8482;51.7272;52.351;51.508;52.4412;55.6674;53.4178;53.2818
1305;2000;53.3375;53.311;55.1755;63.8885;62.856;62.655;56.581;53.329;50.2065;53.114;53.311;54.34;55.442;57.7925;52.532;53.194;52.351;53.3115;56.581;54.2965;54.206
1405;2000;54.1932;54.1882;56.0542;64.8532;63.8118;63.5996;57.4946;54.258;51.1328;54.003;54.1882;55.231;56.3624;58.7368;53.3368;54.037;53.194;54.1818;57.4946;55.1752;55.1302
1505;2000;55.0489;55.0654;56.9329;65.8179;64.7676;64.5442;58.4082;55.187;52.0591;54.892;55.0654;56.122;57.2828;59.6811;54.1416;54.88;54.037;55.0521;58.4082;56.0539;56.0544
1605;2000;55.9046;55.9426;57.8116;66.7826;65.7234;65.4888;59.3218;56.116;52.9854;55.781;55.9426;57.013;58.2032;60.6254;54.9464;55.723;54.88;55.9224;59.3218;56.9326;56.9786
1705;2000;56.7603;56.8198;58.6903;67.7473;66.6792;66.4334;60.2354;57.045;53.9117;56.67;56.8198;57.904;59.1236;61.5697;55.7512;56.566;55.723;56.7927;60.2354;57.8113;57.9028
1805;2000;57.616;57.697;59.569;68.712;67.635;67.378;61.149;57.974;54.838;57.559;57.697;58.795;60.044;62.514;56.556;57.409;56.566;57.663;61.149;58.69;58.827
1905;2000;58.4717;58.5742;60.4477;69.6767;68.5908;68.3226;62.0626;58.903;55.7643;58.448;58.5742;59.686;60.9644;63.4583;57.3608;58.252;57.409;58.5333;62.0626;59.5687;59.7512
2005;2000;59.3274;59.4514;61.3264;70.6414;69.5466;69.2672;62.9762;59.832;56.6906;59.337;59.4514;60.577;61.8848;64.4026;58.1656;59.095;58.252;59.4036;62.9762;60.4474;60.6754
2105;2000;60.1831;60.3286;62.2051;71.6061;70.5024;70.2118;63.8898;60.761;57.6169;60.226;60.3286;61.468;62.8052;65.3469;58.9704;59.938;59.095;60.2739;63.8898;61.3261;61.5996
2205;2000;61.0388;61.2058;63.0838;72.5708;71.4582;71.1564;64.8034;61.69;58.5432;61.115;61.2058;62.359;63.7256;66.2912;59.7752;60.781;59.938;61.1442;64.8034;62.2048;62.5238
2305;2000;61.8945;62.083;63.9625;73.5355;72.414;72.101;65.717;62.619;59.4695;62.004;62.083;63.25;64.646;67.2355;60.58;61.624;60.781;62.0145;65.717;63.0835;63.448
2405;2000;62.7502;62.9602;64.8412;74.5002;73.3698;73.0456;66.6306;63.548;60.3958;62.893;62.9602;64.141;65.5664;68.1798;61.3848;62.467;61.624;62.8848;66.6306;63.9622;64.3722
2505;2000;63.6059;63.8374;65.7199;75.4649;74.3256;73.9902;67.5442;64.477;61.3221;63.782;63.8374;65.032;66.4868;69.1241;62.1896;63.31;62.467;63.7551;67.5442;64.8409;65.2964
2605;2000;64.4616;64.7146;66.5986;76.4296;75.2814;74.9348;68.4578;65.406;62.2484;64.671;64.7146;65.923;67.4072;70.0684;62.9944;64.153;63.31;64.6254;68.4578;65.7196;66.2206
2705;2000;65.3173;65.5918;67.4773;77.3943;76.2372;75.8794;69.3714;66.335;63.1747;65.56;65.5918;66.814;68.3276;71.0127;63.7992;64.996;64.153;65.4957;69.3714;66.5983;67.1448
2805;2000;66.173;66.469;68.356;78.359;77.193;76.824;70.285;67.264;64.101;66.449;66.469;67.705;69.248;71.957;64.604;65.839;64.996;66.366;70.285;67.477;68.069
2905;2000;67.0287;67.3462;69.2347;79.3237;78.1488;77.7686;71.1986;68.193;65.0273;67.338;67.3462;68.596;70.1684;72.9013;65.4088;66.682;65.839;67.2363;71.1986;68.3557;68.9932
3005;2000;67.8844;68.2234;70.1134;80.2884;79.1046;78.7132;72.1122;69.122;65.9536;68.227;68.2234;69.487;71.0888;73.8456;66.2136;67.525;66.682;68.1066;72.1122;69.2344;69.9174
3105;2000;68.7401;69.1006;70.9921;81.2531;80.0604;79.6578;73.0258;70.051;66.8799;69.116;69.1006;70.378;72.0092;74.7899;67.0184;68.368;67.525;68.9769;73.0258;70.1131;70.8416
106;2000;69.5958;69.9778;71.8708;82.2178;81.0162;80.6024;73.9394;70.98;67.8062;70.005;69.9778;71.269;72.9296;75.7342;67.8232;69.211;68.368;69.8472;73.9394;70.9918;71.7658
206;2000;70.4515;70.855;72.7495;83.1825;81.972;81.547;74.853;71.909;68.7325;70.894;70.855;72.16;73.85;76.6785;68.628;70.054;69.211;70.7175;74.853;71.8705;72.69
306;2000;71.3072;71.7322;73.6282;84.1472;82.9278;82.4916;75.7666;72.838;69.6588;71.783;71.7322;73.051;74.7704;77.6228;69.4328;70.897;70.054;71.5878;75.7666;72.7492;73.6142
406;2000;72.1629;72.6094;74.5069;85.1119;83.8836;83.4362;76.6802;73.767;70.5851;72.672;72.6094;73.942;75.6908;78.5671;70.2376;71.74;70.897;72.4581;76.6802;73.6279;74.5384
506;2000;73.0186;73.4866;75.3856;86.0766;84.8394;84.3808;77.5938;74.696;71.5114;73.561;73.4866;74.833;76.6112;79.5114;71.0424;72.583;71.74;73.3284;77.5938;74.5066;75.4626
606;2000;73.8743;74.3638;76.2643;87.0413;85.7952;85.3254;78.5074;75.625;72.4377;74.45;74.3638;75.724;77.5316;80.4557;71.8472;73.426;72.583;74.1987;78.5074;75.3853;76.3868
706;2000;74.73;75.241;77.143;88.006;86.751;86.27;79.421;76.554;73.364;75.339;75.241;76.615;78.452;81.4;72.652;74.269;73.426;75.069;79.421;76.264;77.311
806;2000;75.5857;76.1182;78.0217;88.9707;87.7068;87.2146;80.3346;77.483;74.2903;76.228;76.1182;77.506;79.3724;82.3443;73.4568;75.112;74.269;75.9393;80.3346;77.1427;78.2352
906;2000;76.4414;76.9954;78.9004;89.9354;88.6626;88.1592;81.2482;78.412;75.2166;77.117;76.9954;78.397;80.2928;83.2886;74.2616;75.955;75.112;76.8096;81.2482;78.0214;79.1594
1006;2000;77.2971;77.8726;79.7791;90.9001;89.6184;89.1038;82.1618;79.341;76.1429;78.006;77.8726;79.288;81.2132;84.2329;75.0664;76.798;75.955;77.6799;82.1618;78.9001;80.0836
1106;2000;78.1528;78.7498;80.6578;91.8648;90.5742;90.0484;83.0754;80.27;77.0692;78.895;78.7498;80.179;82.1336;85.1772;75.8712;77.641;76.798;78.5502;83.0754;79.7788;81.0078
1206;2000;79.0085;79.627;81.5365;92.8295;91.53;90.993;83.989;81.199;77.9955;79.784;79.627;81.07;83.054;86.1215;76.676;78.484;77.641;79.4205;83.989;80.6575;81.932
1306;2000;79.8642;80.5042;82.4152;93.7942;92.4858;91.9376;84.9026;82.128;78.9218;80.673;80.5042;81.961;83.9744;87.0658;77.4808;79.327;78.484;80.2908;84.9026;81.5362;82.8562
1406;2000;80.7199;81.3814;83.2939;94.7589;93.4416;92.8822;85.8162;83.057;79.8481;81.562;81.3814;82.852;84.8948;88.0101;78.2856;80.17;79.327;81.1611;85.8162;82.4149;83.7804
1506;2000;81.5756;82.2586;84.1726;95.7236;94.3974;93.8268;86.7298;83.986;80.7744;82.451;82.2586;83.743;85.8152;88.9544;79.0904;81.013;80.17;82.0314;86.7298;83.2936;84.7046
1606;2000;82.4313;83.1358;85.0513;96.6883;95.3532;94.7714;87.6434;84.915;81.7007;83.34;83.1358;84.634;86.7356;89.8987;79.8952;81.856;81.013;82.9017;87.6434;84.1723;85.6288
1706;2000;83.287;84.013;85.93;97.653;96.309;95.716;88.557;85.844;82.627;84.229;84.013;85.525;87.656;90.843;80.7;82.699;81.856;83.772;88.557;85.051;86.553
1806;2000;84.1427;84.8902;86.8087;98.6177;97.2648;96.6606;89.4706;86.773;83.5533;85.118;84.8902;86.416;88.5764;91.7873;81.5048;83.542;82.699;84.6423;89.4706;85.9297;87.4772
1906;2000;84.9984;85.7674;87.6874;99.5824;98.2206;97.6052;90.3842;87.702;84.4796;86.007;85.7674;87.307;89.4968;92.7316;82.3096;84.385;83.542;85.5126;90.3842;86.8084;88.4014
2006;2000;85.8541;86.6446;88.5661;100.5471;99.1764;98.5498;91.2978;88.631;85.4059;86.896;86.6446;88.198;90.4172;93.6759;83.1144;85.228;84.385;86.3829;91.2978;87.6871;89.3256
2106;2000;86.7098;87.5218;89.4448;101.5118;100.1322;99.4944;92.2114;89.56;86.3322;87.785;87.5218;89.089;91.3376;94.6202;83.9192;86.071;85.228;87.2532;92.2114;88.5658;90.2498
2206;2000;87.5655;88.399;90.3235;102.4765;101.088;100.439;93.125;90.489;87.2585;88.674;88.399;89.98;92.258;95.5645;84.724;86.914;86.071;88.1235;93.125;89.4445;91.174
2306;2000;88.4212;89.2762;91.2022;103.4412;102.0438;101.3836;94.0386;91.418;88.1848;89.563;89.2762;90.871;93.1784;96.5088;85.5288;87.757;86.914;88.9938;94.0386;90.3232;92.0982
2406;2000;89.2769;90.1534;92.0809;104.4059;102.9996;102.3282;94.9522;92.347;89.1111;90.452;90.1534;91.762;94.0988;97.4531;86.3336;88.6;87.757;89.8641;94.9522;91.2019;93.0224
2506;2000;90.1326;91.0306;92.9596;105.3706;103.9554;103.2728;95.8658;93.276;90.0374;91.341;91.0306;92.653;95.0192;98.3974;87.1384;89.443;88.6;90.7344;95.8658;92.0806;93.9466
2606;2000;90.9883;91.9078;93.8383;106.3353;104.9112;104.2174;96.7794;94.205;90.9637;92.23;91.9078;93.544;95.9396;99.3417;87.9432;90.286;89.443;91.6047;96.7794;92.9593;94.8708
2706;2000;91.844;92.785;94.717;107.3;105.867;105.162;97.693;95.134;91.89;93.119;92.785;94.435;96.86;100.286;88.748;91.129;90.286;92.475;97.693;93.838;95.795
2806;2000;92.6997;93.6622;95.5957;108.2647;106.8228;106.1066;98.6066;96.063;92.8163;94.008;93.6622;95.326;97.7804;101.2303;89.5528;91.972;91.129;93.3453;98.6066;94.7167;96.7192
2906;2000;93.5554;94.5394;96.4744;109.2294;107.7786;107.0512;99.5202;96.992;93.7426;94.897;94.5394;96.217;98.7008;102.1746;90.3576;92.815;91.972;94.2156;99.5202;95.5954;97.6434
3006;2000;94.4111;95.4166;97.3531;110.1941;108.7344;107.9958;100.4338;97.921;94.6689;95.786;95.4166;97.108;99.6212;103.1189;91.1624;93.658;92.815;95.0859;100.4338;96.4741;98.5676
107;2000;95.2668;96.2938;98.2318;111.1588;109.6902;108.9404;101.3474;98.85;95.5952;96.675;96.2938;97.999;100.5416;104.0632;91.9672;94.501;93.658;95.9562;101.3474;97.3528;99.4918
207;2000;96.1225;97.171;99.1105;112.1235;110.646;109.885;102.261;99.779;96.5215;97.564;97.171;98.89;101.462;105.0075;92.772;95.344;94.501;96.8265;102.261;98.2315;100.416
307;2000;96.9782;98.0482;99.9892;113.0882;111.6018;110.8296;103.1746;100.708;97.4478;98.453;98.0482;99.781;102.3824;105.9518;93.5768;96.187;95.344;97.6968;103.1746;99.1102;101.3402
407;2000;97.8339;98.9254;100.8679;114.0529;112.5576;111.7742;104.0882;101.637;98.3741;99.342;98.9254;100.672;103.3028;106.8961;94.3816;97.03;96.187;98.5671;104.0882;99.9889;102.2644
507;2000;98.6896;99.8026;101.7466;115.0176;113.5134;112.7188;105.0018;102.566;99.3004;100.231;99.8026;101.563;104.2232;107.8404;95.1864;97.873;97.03;99.4374;105.0018;100.8676;103.1886
607;2000;99.5453;100.6798;102.6253;115.9823;114.4692;113.6634;105.9154;103.495;100.2267;101.12;100.6798;102.454;105.1436;108.7847;95.9912;98.716;97.873;100.3077;105.9154;101.7463;104.1128
707;2000;100.401;101.557;103.504;116.947;115.425;114.608;106.829;104.424;101.153;102.009;101.557;103.345;106.064;109.729;96.796;99.559;98.716;101.178;106.829;102.625;105.037
807;2000;101.2567;102.4342;104.3827;117.9117;116.3808;115.5526;107.7426;105.353;102.0793;102.898;102.4342;104.236;106.9844;110.6733;97.6008;100.402;99.559;102.0483;107.7426;103.5037;105.9612
907;2000;102.1124;103.3114;105.2614;118.8764;117.3366;116.4972;108.6562;106.282;103.0056;103.787;103.3114;105.127;107.9048;111.6176;98.4056;101.245;100.402;102.9186;108.6562;104.3824;106.8854
1007;2000;102.9681;104.1886;106.1401;119.8411;118.2924;117.4418;109.5698;107.211;103.9319;104.676;104.1886;106.018;108.8252;112.5619;99.2104;102.088;101.245;103.7889;109.5698;105.2611;107.8096
1107;2000;103.8238;105.0658;107.0188;120.8058;119.2482;118.3864;110.4834;108.14;104.8582;105.565;105.0658;106.909;109.7456;113.5062;100.0152;102.931;102.088;104.6592;110.4834;106.1398;108.7338
1207;2000;104.6795;105.943;107.8975;121.7705;120.204;119.331;111.397;109.069;105.7845;106.454;105.943;107.8;110.666;114.4505;100.82;103.774;102.931;105.5295;111.397;107.0185;109.658
1307;2000;105.5352;106.8202;108.7762;122.7352;121.1598;120.2756;112.3106;109.998;106.7108;107.343;106.8202;108.691;111.5864;115.3948;101.6248;104.617;103.774;106.3998;112.3106;107.8972;110.5822
1407;2000;106.3909;107.6974;109.6549;123.6999;122.1156;121.2202;113.2242;110.927;107.6371;108.232;107.6974;109.582;112.5068;116.3391;102.4296;105.46;104.617;107.2701;113.2242;108.7759;111.5064
1507;2000;107.2466;108.5746;110.5336;124.6646;123.0714;122.1648;114.1378;111.856;108.5634;109.121;108.5746;110.473;113.4272;117.2834;103.2344;106.303;105.46;108.1404;114.1378;109.6546;112.4306
1607;2000;108.1023;109.4518;111.4123;125.6293;124.0272;123.1094;115.0514;112.785;109.4897;110.01;109.4518;111.364;114.3476;118.2277;104.0392;107.146;106.303;109.0107;115.0514;110.5333;113.3548
1707;2000;108.958;110.329;112.291;126.594;124.983;124.054;115.965;113.714;110.416;110.899;110.329;112.255;115.268;119.172;104.844;107.989;107.146;109.881;115.965;111.412;114.279
1807;2000;109.8137;111.2062;113.1697;127.5587;125.9388;124.9986;116.8786;114.643;111.3423;111.788;111.2062;113.146;116.1884;120.1163;105.6488;108.832;107.989;110.7513;116.8786;112.2907;115.2032
1907;2000;110.6694;112.0834;114.0484;128.5234;126.8946;125.9432;117.7922;115.572;112.2686;112.677;112.0834;114.037;117.1088;121.0606;106.4536;109.675;108.832;111.6216;117.7922;113.1694;116.1274
2007;2000;111.5251;112.9606;114.9271;129.4881;127.8504;126.8878;118.7058;116.501;113.1949;113.566;112.9606;114.928;118.0292;122.0049;107.2584;110.518;109.675;112.4919;118.7058;114.0481;117.0516
2107;2000;112.3808;113.8378;115.8058;130.4528;128.8062;127.8324;119.6194;117.43;114.1212;114.455;113.8378;115.819;118.9496;122.9492;108.0632;111.361;110.518;113.3622;119.6194;114.9268;117.9758
2207;2000;113.2365;114.715;116.6845;131.4175;129.762;128.777;120.533;118.359;115.0475;115.344;114.715;116.71;119.87;123.8935;108.868;112.204;111.361;114.2325;120.533;115.8055;118.9
2307;2000;114.0922;115.5922;117.5632;132.3822;130.7178;129.7216;121.4466;119.288;115.9738;116.233;115.5922;117.601;120.7904;124.8378;109.6728;113.047;112.204;115.1028;121.4466;116.6842;119.8242
2407;2000;114.9479;116.4694;118.4419;133.3469;131.6736;130.6662;122.3602;120.217;116.9001;117.122;116.4694;118.492;121.7108;125.7821;110.4776;113.89;113.047;115.9731;122.3602;117.5629;120.7484
2507;2000;115.8036;117.3466;119.3206;134.3116;132.6294;131.6108;123.2738;121.146;117.8264;118.011;117.3466;119.383;122.6312;126.7264;111.2824;114.733;113.89;116.8434;123.2738;118.4416;121.6726
2607;2000;116.6593;118.2238;120.1993;135.2763;133.5852;132.5554;124.1874;122.075;118.7527;118.9;118.2238;120.274;123.5516;127.6707;112.0872;115.576;114.733;117.7137;124.1874;119.3203;122.5968
2707;2000;117.515;119.101;121.078;136.241;134.541;133.5;125.101;123.004;119.679;119.789;119.101;121.165;124.472;128.615;112.892;116.419;115.576;118.584;125.101;120.199;123.521
2807;2000;118.3707;119.9782;121.9567;137.2057;135.4968;134.4446;126.0146;123.933;120.6053;120.678;119.9782;122.056;125.3924;129.5593;113.6968;117.262;116.419;119.4543;126.0146;121.0777;124.4452
2907;2000;119.2264;120.8554;122.8354;138.1704;136.4526;135.3892;126.9282;124.862;121.5316;121.567;120.8554;122.947;126.3128;130.5036;114.5016;118.105;117.262;120.3246;126.9282;121.9564;125.3694
3007;2000;120.0821;121.7326;123.7141;139.1351;137.4084;136.3338;127.8418;125.791;122.4579;122.456;121.7326;123.838;127.2332;131.4479;115.3064;118.948;118.105;121.1949;127.8418;122.8351;126.2936
3107;2000;120.9378;122.6098;124.5928;140.0998;138.3642;137.2784;128.7554;126.72;123.3842;123.345;122.6098;124.729;128.1536;132.3922;116.1112;119.791;118.948;122.0652;128.7554;123.7138;127.2178
108;2000;121.7935;123.487;125.4715;141.0645;139.32;138.223;129.669;127.649;124.3105;124.234;123.487;125.62;129.074;133.3365;116.916;120.634;119.791;122.9355;129.669;124.5925;128.142
208;2000;122.6492;124.3642;126.3502;142.0292;140.2758;139.1676;130.5826;128.578;125.2368;125.123;124.3642;126.511;129.9944;134.2808;117.7208;121.477;120.634;123.8058;130.5826;125.4712;129.0662
308;2000;123.5049;125.2414;127.2289;142.9939;141.2316;140.1122;131.4962;129.507;126.1631;126.012;125.2414;127.402;130.9148;135.2251;118.5256;122.32;121.477;124.6761;131.4962;126.3499;129.9904
408;2000;124.3606;126.1186;128.1076;143.9586;142.1874;141.0568;132.4098;130.436;127.0894;126.901;126.1186;128.293;131.8352;136.1694;119.3304;123.163;122.32;125.5464;132.4098;127.2286;130.9146
508;2000;125.2163;126.9958;128.9863;144.9233;143.1432;142.0014;133.3234;131.365;128.0157;127.79;126.9958;129.184;132.7556;137.1137;120.1352;124.006;123.163;126.4167;133.3234;128.1073;131.8388
608;2000;126.072;127.873;129.865;145.888;144.099;142.946;134.237;132.294;128.942;128.679;127.873;130.075;133.676;138.058;120.94;124.849;124.006;127.287;134.237;128.986;132.763
708;2000;126.9277;128.7502;130.7437;146.8527;145.0548;143.8906;135.1506;133.223;129.8683;129.568;128.7502;130.966;134.5964;139.0023;121.7448;125.692;124.849;128.1573;135.1506;129.8647;133.6872
808;2000;127.7834;129.6274;131.6224;147.8174;146.0106;144.8352;136.0642;134.152;130.7946;130.457;129.6274;131.857;135.5168;139.9466;122.5496;126.535;125.692;129.0276;136.0642;130.7434;134.6114
908;2000;128.6391;130.5046;132.5011;148.7821;146.9664;145.7798;136.9778;135.081;131.7209;131.346;130.5046;132.748;136.4372;140.8909;123.3544;127.378;126.535;129.8979;136.9778;131.6221;135.5356
1008;2000;129.4948;131.3818;133.3798;149.7468;147.9222;146.7244;137.8914;136.01;132.6472;132.235;131.3818;133.639;137.3576;141.8352;124.1592;128.221;127.378;130.7682;137.8914;132.5008;136.4598
1108;2000;130.3505;132.259;134.2585;150.7115;148.878;147.669;138.805;136.939;133.5735;133.124;132.259;134.53;138.278;142.7795;124.964;129.064;128.221;131.6385;138.805;133.3795;137.384
1208;2000;131.2062;133.1362;135.1372;151.6762;149.8338;148.6136;139.7186;137.868;134.4998;134.013;133.1362;135.421;139.1984;143.7238;125.7688;129.907;129.064;132.5088;139.7186;134.2582;138.3082
1308;2000;132.0619;134.0134;136.0159;152.6409;150.7896;149.5582;140.6322;138.797;135.4261;134.902;134.0134;136.312;140.1188;144.6681;126.5736;130.75;129.907;133.3791;140.6322;135.1369;139.2324
1408;2000;132.9176;134.8906;136.8946;153.6056;151.7454;150.5028;141.5458;139.726;136.3524;135.791;134.8906;137.203;141.0392;145.6124;127.3784;131.593;130.75;134.2494;141.5458;136.0156;140.1566
1508;2000;133.7733;135.7678;137.7733;154.5703;152.7012;151.4474;142.4594;140.655;137.2787;136.68;135.7678;138.094;141.9596;146.5567;128.1832;132.436;131.593;135.1197;142.4594;136.8943;141.0808
1608;2000;134.629;136.645;138.652;155.535;153.657;152.392;143.373;141.584;138.205;137.569;136.645;138.985;142.88;147.501;128.988;133.279;132.436;135.99;143.373;137.773;142.005
1708;2000;135.4847;137.5222;139.5307;156.4997;154.6128;153.3366;144.2866;142.513;139.1313;138.458;137.5222;139.876;143.8004;148.4453;129.7928;134.122;133.279;136.8603;144.2866;138.6517;142.9292
1808;2000;136.3404;138.3994;140.4094;157.4644;155.5686;154.2812;145.2002;143.442;140.0576;139.347;138.3994;140.767;144.7208;149.3896;130.5976;134.965;134.122;137.7306;145.2002;139.5304;143.8534
1908;2000;137.1961;139.2766;141.2881;158.4291;156.5244;155.2258;146.1138;144.371;140.9839;140.236;139.2766;141.658;145.6412;150.3339;131.4024;135.808;134.965;138.6009;146.1138;140.4091;144.7776
2008;2000;138.0518;140.1538;142.1668;159.3938;157.4802;156.1704;147.0274;145.3;141.9102;141.125;140.1538;142.549;146.5616;151.2782;132.2072;136.651;135.808;139.4712;147.0274;141.2878;145.7018
2108;2000;138.9075;141.031;143.0455;160.3585;158.436;157.115;147.941;146.229;142.8365;142.014;141.031;143.44;147.482;152.2225;133.012;137.494;136.651;140.3415;147.941;142.1665;146.626
2208;2000;139.7632;141.9082;143.9242;161.3232;159.3918;158.0596;148.8546;147.158;143.7628;142.903;141.9082;144.331;148.4024;153.1668;133.8168;138.337;137.494;141.2118;148.8546;143.0452;147.5502
2308;2000;140.6189;142.7854;144.8029;162.2879;160.3476;159.0042;149.7682;148.087;144.6891;143.792;142.7854;145.222;149.3228;154.1111;134.6216;139.18;138.337;142.0821;149.7682;143.9239;148.4744
2408;2000;141.4746;143.6626;145.6816;163.2526;161.3034;159.9488;150.6818;149.016;145.6154;144.681;143.6626;146.113;150.2432;155.0554;135.4264;140.023;139.18;142.9524;150.6818;144.8026;149.3986
2508;2000;142.3303;144.5398;146.5603;164.2173;162.2592;160.8934;151.5954;149.945;146.5417;145.57;144.5398;147.004;151.1636;155.9997;136.2312;140.866;140.023;143.8227;151.5954;145.6813;150.3228
2608;2000;143.186;145.417;147.439;165.182;163.215;161.838;152.509;150.874;147.468;146.459;145.417;147.895;152.084;156.944;137.036;141.709;140.866;144.693;152.509;146.56;151.247
2708;2000;144.0417;146.2942;148.3177;166.1467;164.1708;162.7826;153.4226;151.803;148.3943;147.348;146.2942;148.786;153.0044;157.8883;137.8408;142.552;141.709;145.5633;153.4226;147.4387;152.1712
2808;2000;144.8974;147.1714;149.1964;167.1114;165.1266;163.7272;154.3362;152.732;149.3206;148.237;147.1714;149.677;153.9248;158.8326;138.6456;143.395;142.552;146.4336;154.3362;148.3174;153.0954
2908;2000;145.7531;148.0486;150.0751;168.0761;166.0824;164.6718;155.2498;153.661;150.2469;149.126;148.0486;150.568;154.8452;159.7769;139.4504;144.238;143.395;147.3039;155.2498;149.1961;154.0196
3008;2000;146.6088;148.9258;150.9538;169.0408;167.0382;165.6164;156.1634;154.59;151.1732;150.015;148.9258;151.459;155.7656;160.7212;140.2552;145.081;144.238;148.1742;156.1634;150.0748;154.9438
3108;2000;147.4645;149.803;151.8325;170.0055;167.994;166.561;157.077;155.519;152.0995;150.904;149.803;152.35;156.686;161.6655;141.06;145.924;145.081;149.0445;157.077;150.9535;155.868
109;2000;148.3202;150.6802;152.7112;170.9702;168.9498;167.5056;157.9906;156.448;153.0258;151.793;150.6802;153.241;157.6064;162.6098;141.8648;146.767;145.924;149.9148;157.9906;151.8322;156.7922
209;2000;149.1759;151.5574;153.5899;171.9349;169.9056;168.4502;158.9042;157.377;153.9521;152.682;151.5574;154.132;158.5268;163.5541;142.6696;147.61;146.767;150.7851;158.9042;152.7109;157.7164
309;2000;150.0316;152.4346;154.4686;172.8996;170.8614;169.3948;159.8178;158.306;154.8784;153.571;152.4346;155.023;159.4472;164.4984;143.4744;148.453;147.61;151.6554;159.8178;153.5896;158.6406
409;2000;150.8873;153.3118;155.3473;173.8643;171.8172;170.3394;160.7314;159.235;155.8047;154.46;153.3118;155.914;160.3676;165.4427;144.2792;149.296;148.453;152.5257;160.7314;154.4683;159.5648
509;2000;151.743;154.189;156.226;174.829;172.773;171.284;161.645;160.164;156.731;155.349;154.189;156.805;161.288;166.387;145.084;150.139;149.296;153.396;161.645;155.347;160.489
609;2000;152.5987;155.0662;157.1047;175.7937;173.7288;172.2286;162.5586;161.093;157.6573;156.238;155.0662;157.696;162.2084;167.3313;145.8888;150.982;150.139;154.2663;162.5586;156.2257;161.4132
709;2000;153.4544;155.9434;157.9834;176.7584;174.6846;173.1732;163.4722;162.022;158.5836;157.127;155.9434;158.587;163.1288;168.2756;146.6936;151.825;150.982;155.1366;163.4722;157.1044;162.3374
809;2000;154.3101;156.8206;158.8621;177.7231;175.6404;174.1178;164.3858;162.951;159.5099;158.016;156.8206;159.478;164.0492;169.2199;147.4984;152.668;151.825;156.0069;164.3858;157.9831;163.2616
909;2000;155.1658;157.6978;159.7408;178.6878;176.5962;175.0624;165.2994;163.88;160.4362;158.905;157.6978;160.369;164.9696;170.1642;148.3032;153.511;152.668;156.8772;165.2994;158.8618;164.1858
1009;2000;156.0215;158.575;160.6195;179.6525;177.552;176.007;166.213;164.809;161.3625;159.794;158.575;161.26;165.89;171.1085;149.108;154.354;153.511;157.7475;166.213;159.7405;165.11
1109;2000;156.8772;159.4522;161.4982;180.6172;178.5078;176.9516;167.1266;165.738;162.2888;160.683;159.4522;162.151;166.8104;172.0528;149.9128;155.197;154.354;158.6178;167.1266;160.6192;166.0342
1209;2000;157.7329;160.3294;162.3769;181.5819;179.4636;177.8962;168.0402;166.667;163.2151;161.572;160.3294;163.042;167.7308;172.9971;150.7176;156.04;155.197;159.4881;168.0402;161.4979;166.9584
1309;2000;158.5886;161.2066;163.2556;182.5466;180.4194;178.8408;168.9538;167.596;164.1414;162.461;161.2066;163.933;168.6512;173.9414;151.5224;156.883;156.04;160.3584;168.9538;162.3766;167.8826
1409;2000;159.4443;162.0838;164.1343;183.5113;181.3752;179.7854;169.8674;168.525;165.0677;163.35;162.0838;164.824;169.5716;174.8857;152.3272;157.726;156.883;161.2287;169.8674;163.2553;168.8068
1509;2000;160.3;162.961;165.013;184.476;182.331;180.73;170.781;169.454;165.994;164.239;162.961;165.715;170.492;175.83;153.132;158.569;157.726;162.099;170.781;164.134;169.731
1609;2000;161.1557;163.8382;165.8917;185.4407;183.2868;181.6746;171.6946;170.383;166.9203;165.128;163.8382;166.606;171.4124;176.7743;153.9368;159.412;158.569;162.9693;171.6946;165.0127;170.6552
1709;2000;162.0114;164.7154;166.7704;186.4054;184.2426;182.6192;172.6082;171.312;167.8466;166.017;164.7154;167.497;172.3328;177.7186;154.7416;160.255;159.412;163.8396;172.6082;165.8914;171.5794
1809;2000;162.8671;165.5926;167.6491;187.3701;185.1984;183.5638;173.5218;172.241;168.7729;166.906;165.5926;168.388;173.2532;178.6629;155.5464;161.098;160.255;164.7099;173.5218;166.7701;172.5036
1909;2000;163.7228;166.4698;168.5278;188.3348;186.1542;184.5084;174.4354;173.17;169.6992;167.795;166.4698;169.279;174.1736;179.6072;156.3512;161.941;161.098;165.5802;174.4354;167.6488;173.4278
2009;2000;164.5785;167.347;169.4065;189.2995;187.11;185.453;175.349;174.099;170.6255;168.684;167.347;170.17;175.094;180.5515;157.156;162.784;161.941;166.4505;175.349;168.5275;174.352
2109;2000;165.4342;168.2242;170.2852;190.2642;188.0658;186.3976;176.2626;175.028;171.5518;169.573;168.2242;171.061;176.0144;181.4958;157.9608;163.627;162.784;167.3208;176.2626;169.4062;175.2762
2209;2000;166.2899;169.1014;171.1639;191.2289;189.0216;187.3422;177.1762;175.957;172.4781;170.462;169.1014;171.952;176.9348;182.4401;158.7656;164.47;163.627;168.1911;177.1762;170.2849;176.2004
2309;2000;167.1456;169.9786;172.0426;192.1936;189.9774;188.2868;178.0898;176.886;173.4044;171.351;169.9786;172.843;177.8552;183.3844;159.5704;165.313;164.47;169.0614;178.0898;171.1636;177.1246
2409;2000;168.0013;170.8558;172.9213;193.1583;190.9332;189.2314;179.0034;177.815;174.3307;172.24;170.8558;173.734;178.7756;184.3287;160.3752;166.156;165.313;169.9317;179.0034;172.0423;178.0488
2509;2000;168.857;171.733;173.8;194.123;191.889;190.176;179.917;178.744;175.257;173.129;171.733;174.625;179.696;185.273;161.18;166.999;166.156;170.802;179.917;172.921;178.973
2609;2000;169.7127;172.6102;174.6787;195.0877;192.8448;191.1206;180.8306;179.673;176.1833;174.018;172.6102;175.516;180.6164;186.2173;161.9848;167.842;166.999;171.6723;180.8306;173.7997;179.8972
2709;2000;170.5684;173.4874;175.5574;196.0524;193.8006;192.0652;181.7442;180.602;177.1096;174.907;173.4874;176.407;181.5368;187.1616;162.7896;168.685;167.842;172.5426;181.7442;174.6784;180.8214
2809;2000;171.4241;174.3646;176.4361;197.0171;194.7564;193.0098;182.6578;181.531;178.0359;175.796;174.3646;177.298;182.4572;188.1059;163.5944;169.528;168.685;173.4129;182.6578;175.5571;181.7456
2909;2000;172.2798;175.2418;177.3148;197.9818;195.7122;193.9544;183.5714;182.46;178.9622;176.685;175.2418;178.189;183.3776;189.0502;164.3992;170.371;169.528;174.2832;183.5714;176.4358;182.6698
3009;2000;173.1355;176.119;178.1935;198.9465;196.668;194.899;184.485;183.389;179.8885;177.574;176.119;179.08;184.298;189.9945;165.204;171.214;170.371;175.1535;184.485;177.3145;183.594
110;2000;173.9912;176.9962;179.0722;199.9112;197.6238;195.8436;185.3986;184.318;180.8148;178.463;176.9962;179.971;185.2184;190.9388;166.0088;172.057;171.214;176.0238;185.3986;178.1932;184.5182
210;2000;174.8469;177.8734;179.9509;200.8759;198.5796;196.7882;186.3122;185.247;181.7411;179.352;177.8734;180.862;186.1388;191.8831;166.8136;172.9;172.057;176.8941;186.3122;179.0719;185.4424
310;2000;175.7026;178.7506;180.8296;201.8406;199.5354;197.7328;187.2258;186.176;182.6674;180.241;178.7506;181.753;187.0592;192.8274;167.6184;173.743;172.9;177.7644;187.2258;179.9506;186.3666
410;2000;176.5583;179.6278;181.7083;202.8053;200.4912;198.6774;188.1394;187.105;183.5937;181.13;179.6278;182.644;187.9796;193.7717;168.4232;174.586;173.743;178.6347;188.1394;180.8293;187.2908
510;2000;177.414;180.505;182.587;203.77;201.447;199.622;189.053;188.034;184.52;182.019;180.505;183.535;188.9;194.716;169.228;175.429;174.586;179.505;189.053;181.708;188.215
610;2000;178.2697;181.3822;183.4657;204.7347;202.4028;200.5666;189.9666;188.963;185.4463;182.908;181.3822;184.426;189.8204;195.6603;170.0328;176.272;175.429;180.3753;189.9666;182.5867;189.1392
710;2000;179.1254;182.2594;184.3444;205.6994;203.3586;201.5112;190.8802;189.892;186.3726;183.797;182.2594;185.317;190.7408;196.6046;170.8376;177.115;176.272;181.2456;190.8802;183.4654;190.0634
810;2000;179.9811;183.1366;185.2231;206.6641;204.3144;202.4558;191.7938;190.821;187.2989;184.686;183.1366;186.208;191.6612;197.5489;171.6424;177.958;177.115;182.1159;191.7938;184.3441;190.9876
910;2000;180.8368;184.0138;186.1018;207.6288;205.2702;203.4004;192.7074;191.75;188.2252;185.575;184.0138;187.099;192.5816;198.4932;172.4472;178.801;177.958;182.9862;192.7074;185.2228;191.9118
1010;2000;181.6925;184.891;186.9805;208.5935;206.226;204.345;193.621;192.679;189.1515;186.464;184.891;187.99;193.502;199.4375;173.252;179.644;178.801;183.8565;193.621;186.1015;192.836
1110;2000;182.5482;185.7682;187.8592;209.5582;207.1818;205.2896;194.5346;193.608;190.0778;187.353;185.7682;188.881;194.4224;200.3818;174.0568;180.487;179.644;184.7268;194.5346;186.9802;193.7602
1210;2000;183.4039;186.6454;188.7379;210.5229;208.1376;206.2342;195.4482;194.537;191.0041;188.242;186.6454;189.772;195.3428;201.3261;174.8616;181.33;180.487;185.5971;195.4482;187.8589;194.6844
1310;2000;184.2596;187.5226;189.6166;211.4876;209.0934;207.1788;196.3618;195.466;191.9304;189.131;187.5226;190.663;196.2632;202.2704;175.6664;182.173;181.33;186.4674;196.3618;188.7376;195.6086
1410;2000;185.1153;188.3998;190.4953;212.4523;210.0492;208.1234;197.2754;196.395;192.8567;190.02;188.3998;191.554;197.1836;203.2147;176.4712;183.016;182.173;187.3377;197.2754;189.6163;196.5328
1510;2000;185.971;189.277;191.374;213.417;211.005;209.068;198.189;197.324;193.783;190.909;189.277;192.445;198.104;204.159;177.276;183.859;183.016;188.208;198.189;190.495;197.457
1610;2000;186.8267;190.1542;192.2527;214.3817;211.9608;210.0126;199.1026;198.253;194.7093;191.798;190.1542;193.336;199.0244;205.1033;178.0808;184.702;183.859;189.0783;199.1026;191.3737;198.3812
1710;2000;187.6824;191.0314;193.1314;215.3464;212.9166;210.9572;200.0162;199.182;195.6356;192.687;191.0314;194.227;199.9448;206.0476;178.8856;185.545;184.702;189.9486;200.0162;192.2524;199.3054
1810;2000;188.5381;191.9086;194.0101;216.3111;213.8724;211.9018;200.9298;200.111;196.5619;193.576;191.9086;195.118;200.8652;206.9919;179.6904;186.388;185.545;190.8189;200.9298;193.1311;200.2296
1910;2000;189.3938;192.7858;194.8888;217.2758;214.8282;212.8464;201.8434;201.04;197.4882;194.465;192.7858;196.009;201.7856;207.9362;180.4952;187.231;186.388;191.6892;201.8434;194.0098;201.1538
2010;2000;190.2495;193.663;195.7675;218.2405;215.784;213.791;202.757;201.969;198.4145;195.354;193.663;196.9;202.706;208.8805;181.3;188.074;187.231;192.5595;202.757;194.8885;202.078
2110;2000;191.1052;194.5402;196.6462;219.2052;216.7398;214.7356;203.6706;202.898;199.3408;196.243;194.5402;197.791;203.6264;209.8248;182.1048;188.917;188.074;193.4298;203.6706;195.7672;203.0022
2210;2000;191.9609;195.4174;197.5249;220.1699;217.6956;215.6802;204.5842;203.827;200.2671;197.132;195.4174;198.682;204.5468;210.7691;182.9096;189.76;188.917;194.3001;204.5842;196.6459;203.9264
2310;2000;192.8166;196.2946;198.4036;221.1346;218.6514;216.6248;205.4978;204.756;201.1934;198.021;196.2946;199.573;205.4672;211.7134;183.7144;190.603;189.76;195.1704;205.4978;197.5246;204.8506
2410;2000;193.6723;197.1718;199.2823;222.0993;219.6072;217.5694;206.4114;205.685;202.1197;198.91;197.1718;200.464;206.3876;212.6577;184.5192;191.446;190.603;196.0407;206.4114;198.4033;205.7748
2510;2000;194.528;198.049;200.161;223.064;220.563;218.514;207.325;206.614;203.046;199.799;198.049;201.355;207.308;213.602;185.324;192.289;191.446;196.911;207.325;199.282;206.699
2610;2000;195.3837;198.9262;201.0397;224.0287;221.5188;219.4586;208.2386;207.543;203.9723;200.688;198.9262;202.246;208.2284;214.5463;186.1288;193.132;192.289;197.7813;208.2386;200.1607;207.6232
2710;2000;196.2394;199.8034;201.9184;224.9934;222.4746;220.4032;209.1522;208.472;204.8986;201.577;199.8034;203.137;209.1488;215.4906;186.9336;193.975;193.132;198.6516;209.1522;201.0394;208.5474
2810;2000;197.0951;200.6806;202.7971;225.9581;223.4304;221.3478;210.0658;209.401;205.8249;202.466;200.6806;204.028;210.0692;216.4349;187.7384;194.818;193.975;199.5219;210.0658;201.9181;209.4716
2910;2000;197.9508;201.5578;203.6758;226.9228;224.3862;222.2924;210.9794;210.33;206.7512;203.355;201.5578;204.919;210.9896;217.3792;188.5432;195.661;194.818;200.3922;210.9794;202.7968;210.3958
3010;2000;198.8065;202.435;204.5545;227.8875;225.342;223.237;211.893;211.259;207.6775;204.244;202.435;205.81;211.91;218.3235;189.348;196.504;195.661;201.2625;211.893;203.6755;211.32
3110;2000;199.6622;203.3122;205.4332;228.8522;226.2978;224.1816;212.8066;212.188;208.6038;205.133;203.3122;206.701;212.8304;219.2678;190.1528;197.347;196.504;202.1328;212.8066;204.5542;212.2442
111;2000;200.5179;204.1894;206.3119;229.8169;227.2536;225.1262;213.7202;213.117;209.5301;206.022;204.1894;207.592;213.7508;220.2121;190.9576;198.19;197.347;203.0031;213.7202;205.4329;213.1684
211;2000;201.3736;205.0666;207.1906;230.7816;228.2094;226.0708;214.6338;214.046;210.4564;206.911;205.0666;208.483;214.6712;221.1564;191.7624;199.033;198.19;203.8734;214.6338;206.3116;214.0926
311;2000;202.2293;205.9438;208.0693;231.7463;229.1652;227.0154;215.5474;214.975;211.3827;207.8;205.9438;209.374;215.5916;222.1007;192.5672;199.876;199.033;204.7437;215.5474;207.1903;215.0168
411;2000;203.085;206.821;208.948;232.711;230.121;227.96;216.461;215.904;212.309;208.689;206.821;210.265;216.512;223.045;193.372;200.719;199.876;205.614;216.461;208.069;215.941
511;2000;203.9407;207.6982;209.8267;233.6757;231.0768;228.9046;217.3746;216.833;213.2353;209.578;207.6982;211.156;217.4324;223.9893;194.1768;201.562;200.719;206.4843;217.3746;208.9477;216.8652
611;2000;204.7964;208.5754;210.7054;234.6404;232.0326;229.8492;218.2882;217.762;214.1616;210.467;208.5754;212.047;218.3528;224.9336;194.9816;202.405;201.562;207.3546;218.2882;209.8264;217.7894
711;2000;205.6521;209.4526;211.5841;235.6051;232.9884;230.7938;219.2018;218.691;215.0879;211.356;209.4526;212.938;219.2732;225.8779;195.7864;203.248;202.405;208.2249;219.2018;210.7051;218.7136
811;2000;206.5078;210.3298;212.4628;236.5698;233.9442;231.7384;220.1154;219.62;216.0142;212.245;210.3298;213.829;220.1936;226.8222;196.5912;204.091;203.248;209.0952;220.1154;211.5838;219.6378
911;2000;207.3635;211.207;213.3415;237.5345;234.9;232.683;221.029;220.549;216.9405;213.134;211.207;214.72;221.114;227.7665;197.396;204.934;204.091;209.9655;221.029;212.4625;220.562
1011;2000;208.2192;212.0842;214.2202;238.4992;235.8558;233.6276;221.9426;221.478;217.8668;214.023;212.0842;215.611;222.0344;228.7108;198.2008;205.777;204.934;210.8358;221.9426;213.3412;221.4862
1111;2000;209.0749;212.9614;215.0989;239.4639;236.8116;234.5722;222.8562;222.407;218.7931;214.912;212.9614;216.502;222.9548;229.6551;199.0056;206.62;205.777;211.7061;222.8562;214.2199;222.4104
1211;2000;209.9306;213.8386;215.9776;240.4286;237.7674;235.5168;223.7698;223.336;219.7194;215.801;213.8386;217.393;223.8752;230.5994;199.8104;207.463;206.62;212.5764;223.7698;215.0986;223.3346
1311;2000;210.7863;214.7158;216.8563;241.3933;238.7232;236.4614;224.6834;224.265;220.6457;216.69;214.7158;218.284;224.7956;231.5437;200.6152;208.306;207.463;213.4467;224.6834;215.9773;224.2588
1411;2000;211.642;215.593;217.735;242.358;239.679;237.406;225.597;225.194;221.572;217.579;215.593;219.175;225.716;232.488;201.42;209.149;208.306;214.317;225.597;216.856;225.183
1511;2000;212.4977;216.4702;218.6137;243.3227;240.6348;238.3506;226.5106;226.123;222.4983;218.468;216.4702;220.066;226.6364;233.4323;202.2248;209.992;209.149;215.1873;226.5106;217.7347;226.1072
1611;2000;213.3534;217.3474;219.4924;244.2874;241.5906;239.2952;227.4242;227.052;223.4246;219.357;217.3474;220.957;227.5568;234.3766;203.0296;210.835;209.992;216.0576;227.4242;218.6134;227.0314
1711;2000;214.2091;218.2246;220.3711;245.2521;242.5464;240.2398;228.3378;227.981;224.3509;220.246;218.2246;221.848;228.4772;235.3209;203.8344;211.678;210.835;216.9279;228.3378;219.4921;227.9556
1811;2000;215.0648;219.1018;221.2498;246.2168;243.5022;241.1844;229.2514;228.91;225.2772;221.135;219.1018;222.739;229.3976;236.2652;204.6392;212.521;211.678;217.7982;229.2514;220.3708;228.8798
1911;2000;215.9205;219.979;222.1285;247.1815;244.458;242.129;230.165;229.839;226.2035;222.024;219.979;223.63;230.318;237.2095;205.444;213.364;212.521;218.6685;230.165;221.2495;229.804
2011;2000;216.7762;220.8562;223.0072;248.1462;245.4138;243.0736;231.0786;230.768;227.1298;222.913;220.8562;224.521;231.2384;238.1538;206.2488;214.207;213.364;219.5388;231.0786;222.1282;230.7282
2111;2000;217.6319;221.7334;223.8859;249.1109;246.3696;244.0182;231.9922;231.697;228.0561;223.802;221.7334;225.412;232.1588;239.0981;207.0536;215.05;214.207;220.4091;231.9922;223.0069;231.6524
2211;2000;218.4876;222.6106;224.7646;250.0756;247.3254;244.9628;232.9058;232.626;228.9824;224.691;222.6106;226.303;233.0792;240.0424;207.8584;215.893;215.05;221.2794;232.9058;223.8856;232.5766
2311;2000;219.3433;223.4878;225.6433;251.0403;248.2812;245.9074;233.8194;233.555;229.9087;225.58;223.4878;227.194;233.9996;240.9867;208.6632;216.736;215.893;222.1497;233.8194;224.7643;233.5008
2411;2000;220.199;224.365;226.522;252.005;249.237;246.852;234.733;234.484;230.835;226.469;224.365;228.085;234.92;241.931;209.468;217.579;216.736;223.02;234.733;225.643;234.425
2511;2000;221.0547;225.2422;227.4007;252.9697;250.1928;247.7966;235.6466;235.413;231.7613;227.358;225.2422;228.976;235.8404;242.8753;210.2728;218.422;217.579;223.8903;235.6466;226.5217;235.3492
2611;2000;221.9104;226.1194;228.2794;253.9344;251.1486;248.7412;236.5602;236.342;232.6876;228.247;226.1194;229.867;236.7608;243.8196;211.0776;219.265;218.422;224.7606;236.5602;227.4004;236.2734
2711;2000;222.7661;226.9966;229.1581;254.8991;252.1044;249.6858;237.4738;237.271;233.6139;229.136;226.9966;230.758;237.6812;244.7639;211.8824;220.108;219.265;225.6309;237.4738;228.2791;237.1976
2811;2000;223.6218;227.8738;230.0368;255.8638;253.0602;250.6304;238.3874;238.2;234.5402;230.025;227.8738;231.649;238.6016;245.7082;212.6872;220.951;220.108;226.5012;238.3874;229.1578;238.1218
2911;2000;224.4775;228.751;230.9155;256.8285;254.016;251.575;239.301;239.129;235.4665;230.914;228.751;232.54;239.522;246.6525;213.492;221.794;220.951;227.3715;239.301;230.0365;239.046
3011;2000;225.3332;229.6282;231.7942;257.7932;254.9718;252.5196;240.2146;240.058;236.3928;231.803;229.6282;233.431;240.4424;247.5968;214.2968;222.637;221.794;228.2418;240.2146;230.9152;239.9702
112;2000;226.1889;230.5054;232.6729;258.7579;255.9276;253.4642;241.1282;240.987;237.3191;232.692;230.5054;234.322;241.3628;248.5411;215.1016;223.48;222.637;229.1121;241.1282;231.7939;240.8944
212;2000;227.0446;231.3826;233.5516;259.7226;256.8834;254.4088;242.0418;241.916;238.2454;233.581;231.3826;235.213;242.2832;249.4854;215.9064;224.323;223.48;229.9824;242.0418;232.6726;241.8186
312;2000;227.9003;232.2598;234.4303;260.6873;257.8392;255.3534;242.9554;242.845;239.1717;234.47;232.2598;236.104;243.2036;250.4297;216.7112;225.166;224.323;230.8527;242.9554;233.5513;242.7428
412;2000;228.756;233.137;235.309;261.652;258.795;256.298;243.869;243.774;240.098;235.359;233.137;236.995;244.124;251.374;217.516;226.009;225.166;231.723;243.869;234.43;243.667
512;2000;229.6117;234.0142;236.1877;262.6167;259.7508;257.2426;244.7826;244.703;241.0243;236.248;234.0142;237.886;245.0444;252.3183;218.3208;226.852;226.009;232.5933;244.7826;235.3087;244.5912
612;2000;230.4674;234.8914;237.0664;263.5814;260.7066;258.1872;245.6962;245.632;241.9506;237.137;234.8914;238.777;245.9648;253.2626;219.1256;227.695;226.852;233.4636;245.6962;236.1874;245.5154
712;2000;231.3231;235.7686;237.9451;264.5461;261.6624;259.1318;246.6098;246.561;242.8769;238.026;235.7686;239.668;246.8852;254.2069;219.9304;228.538;227.695;234.3339;246.6098;237.0661;246.4396
812;2000;232.1788;236.6458;238.8238;265.5108;262.6182;260.0764;247.5234;247.49;243.8032;238.915;236.6458;240.559;247.8056;255.1512;220.7352;229.381;228.538;235.2042;247.5234;237.9448;247.3638
912;2000;233.0345;237.523;239.7025;266.4755;263.574;261.021;248.437;248.419;244.7295;239.804;237.523;241.45;248.726;256.0955;221.54;230.224;229.381;236.0745;248.437;238.8235;248.288
1012;2000;233.8902;238.4002;240.5812;267.4402;264.5298;261.9656;249.3506;249.348;245.6558;240.693;238.4002;242.341;249.6464;257.0398;222.3448;231.067;230.224;236.9448;249.3506;239.7022;249.2122
1112;2000;234.7459;239.2774;241.4599;268.4049;265.4856;262.9102;250.2642;250.277;246.5821;241.582;239.2774;243.232;250.5668;257.9841;223.1496;231.91;231.067;237.8151;250.2642;240.5809;250.1364
1212;2000;235.6016;240.1546;242.3386;269.3696;266.4414;263.8548;251.1778;251.206;247.5084;242.471;240.1546;244.123;251.4872;258.9284;223.9544;232.753;231.91;238.6854;251.1778;241.4596;251.0606
1312;2000;236.4573;241.0318;243.2173;270.3343;267.3972;264.7994;252.0914;252.135;248.4347;243.36;241.0318;245.014;252.4076;259.8727;224.7592;233.596;232.753;239.5557;252.0914;242.3383;251.9848
1412;2000;237.313;241.909;244.096;271.299;268.353;265.744;253.005;253.064;249.361;244.249;241.909;245.905;253.328;260.817;225.564;234.439;233.596;240.426;253.005;243.217;252.909
1512;2000;238.1687;242.7862;244.9747;272.2637;269.3088;266.6886;253.9186;253.993;250.2873;245.138;242.7862;246.796;254.2484;261.7613;226.3688;235.282;234.439;241.2963;253.9186;244.0957;253.8332
1612;2000;239.0244;243.6634;245.8534;273.2284;270.2646;267.6332;254.8322;254.922;251.2136;246.027;243.6634;247.687;255.1688;262.7056;227.1736;236.125;235.282;242.1666;254.8322;244.9744;254.7574
1712;2000;239.8801;244.5406;246.7321;274.1931;271.2204;268.5778;255.7458;255.851;252.1399;246.916;244.5406;248.578;256.0892;263.6499;227.9784;236.968;236.125;243.0369;255.7458;245.8531;255.6816
1812;2000;240.7358;245.4178;247.6108;275.1578;272.1762;269.5224;256.6594;256.78;253.0662;247.805;245.4178;249.469;257.0096;264.5942;228.7832;237.811;236.968;243.9072;256.6594;246.7318;256.6058
1912;2000;241.5915;246.295;248.4895;276.1225;273.132;270.467;257.573;257.709;253.9925;248.694;246.295;250.36;257.93;265.5385;229.588;238.654;237.811;244.7775;257.573;247.6105;257.53
2012;2000;242.4472;247.1722;249.3682;277.0872;274.0878;271.4116;258.4866;258.638;254.9188;249.583;247.1722;251.251;258.8504;266.4828;230.3928;239.497;238.654;245.6478;258.4866;248.4892;258.4542
2112;2000;243.3029;248.0494;250.2469;278.0519;275.0436;272.3562;259.4002;259.567;255.8451;250.472;248.0494;252.142;259.7708;267.4271;231.1976;240.34;239.497;246.5181;259.4002;249.3679;259.3784
2212;2000;244.1586;248.9266;251.1256;279.0166;275.9994;273.3008;260.3138;260.496;256.7714;251.361;248.9266;253.033;260.6912;268.3714;232.0024;241.183;240.34;247.3884;260.3138;250.2466;260.3026
2312;2000;245.0143;249.8038;252.0043;279.9813;276.9552;274.2454;261.2274;261.425;257.6977;252.25;249.8038;253.924;261.6116;269.3157;232.8072;242.026;241.183;248.2587;261.2274;251.1253;261.2268
2412;2000;245.87;250.681;252.883;280.946;277.911;275.19;262.141;262.354;258.624;253.139;250.681;254.815;262.532;270.26;233.612;242.869;242.026;249.129;262.141;252.004;262.151
2512;2000;246.7257;251.5582;253.7617;281.9107;278.8668;276.1346;263.0546;263.283;259.5503;254.028;251.5582;255.706;263.4524;271.2043;234.4168;243.712;242.869;249.9993;263.0546;252.8827;263.0752
2612;2000;247.5814;252.4354;254.6404;282.8754;279.8226;277.0792;263.9682;264.212;260.4766;254.917;252.4354;256.597;264.3728;272.1486;235.2216;244.555;243.712;250.8696;263.9682;253.7614;263.9994
2712;2000;248.4371;253.3126;255.5191;283.8401;280.7784;278.0238;264.8818;265.141;261.4029;255.806;253.3126;257.488;265.2932;273.0929;236.0264;245.398;244.555;251.7399;264.8818;254.6401;264.9236
2812;2000;249.2928;254.1898;256.3978;284.8048;281.7342;278.9684;265.7954;266.07;262.3292;256.695;254.1898;258.379;266.2136;274.0372;236.8312;246.241;245.398;252.6102;265.7954;255.5188;265.8478
2912;2000;250.1485;255.067;257.2765;285.7695;282.69;279.913;266.709;266.999;263.2555;257.584;255.067;259.27;267.134;274.9815;237.636;247.084;246.241;253.4805;266.709;256.3975;266.772
3012;2000;;;;;;;;;;;;;;;;;;;;;
3112;2000;;;;;;;;;;;;;;;;;;;;;
